[{"fields": {"model": "logentry", "name": "log entry", "app_label": "admin"}, "model": "contenttypes.contenttype", "pk": 1}, {"fields": {"model": "permission", "name": "permission", "app_label": "auth"}, "model": "contenttypes.contenttype", "pk": 2}, {"fields": {"model": "group", "name": "group", "app_label": "auth"}, "model": "contenttypes.contenttype", "pk": 3}, {"fields": {"model": "user", "name": "user", "app_label": "auth"}, "model": "contenttypes.contenttype", "pk": 4}, {"fields": {"model": "contenttype", "name": "content type", "app_label": "contenttypes"}, "model": "contenttypes.contenttype", "pk": 5}, {"fields": {"model": "session", "name": "session", "app_label": "sessions"}, "model": "contenttypes.contenttype", "pk": 6}, {"fields": {"model": "category", "name": "category", "app_label": "core"}, "model": "contenttypes.contenttype", "pk": 7}, {"fields": {"model": "ingredient", "name": "ingredient", "app_label": "core"}, "model": "contenttypes.contenttype", "pk": 8}, {"fields": {"model": "menuitem", "name": "menu item", "app_label": "core"}, "model": "contenttypes.contenttype", "pk": 9}, {"fields": {"model": "table", "name": "table", "app_label": "core"}, "model": "contenttypes.contenttype", "pk": 10}, {"fields": {"model": "order", "name": "order", "app_label": "core"}, "model": "contenttypes.contenttype", "pk": 11}, {"fields": {"model": "feedback", "name": "feedback", "app_label": "core"}, "model": "contenttypes.contenttype", "pk": 12}, {"fields": {"model": "invoice", "name": "invoice", "app_label": "core"}, "model": "contenttypes.contenttype", "pk": 13}, {"fields": {"model": "split", "name": "split", "app_label": "core"}, "model": "contenttypes.contenttype", "pk": 14}, {"fields": {"model": "employee", "name": "employee", "app_label": "core"}, "model": "contenttypes.contenttype", "pk": 15}, {"fields": {"model": "waiter", "name": "waiter", "app_label": "core"}, "model": "contenttypes.contenttype", "pk": 16}, {"fields": {"model": "cook", "name": "cook", "app_label": "core"}, "model": "contenttypes.contenttype", "pk": 17}, {"fields": {"expire_date": "2015-04-19T01:08:58.459Z", "session_data": "ZGNhNmY2YTRlNjU5MjY0MTkxZmM5ZWRkMTU2OTVkNmE0ZmE2MzBmMDp7Il9hdXRoX3VzZXJfaGFzaCI6Ijg0NmQwOWNlOWFhNDVmODQyNDRjOTI4ZDJmNDQ4MTk3OWFhNzk3MzciLCJfYXV0aF91c2VyX2JhY2tlbmQiOiJkamFuZ28uY29udHJpYi5hdXRoLmJhY2tlbmRzLk1vZGVsQmFja2VuZCIsIl9hdXRoX3VzZXJfaWQiOjF9"}, "model": "sessions.session", "pk": "kvdbb0z0ijkefllhy8v4jewxx95wgeif"}, {"fields": {"expire_date": "2015-04-21T19:04:42.428Z", "session_data": "ZGNhNmY2YTRlNjU5MjY0MTkxZmM5ZWRkMTU2OTVkNmE0ZmE2MzBmMDp7Il9hdXRoX3VzZXJfaGFzaCI6Ijg0NmQwOWNlOWFhNDVmODQyNDRjOTI4ZDJmNDQ4MTk3OWFhNzk3MzciLCJfYXV0aF91c2VyX2JhY2tlbmQiOiJkamFuZ28uY29udHJpYi5hdXRoLmJhY2tlbmRzLk1vZGVsQmFja2VuZCIsIl9hdXRoX3VzZXJfaWQiOjF9"}, "model": "sessions.session", "pk": "m5lp68scx0q8xpoiogbmftskr2606qfg"}, {"fields": {"name": "Appetizers", "parent": null}, "model": "core.category", "pk": 1}, {"fields": {"name": "Entrees", "parent": null}, "model": "core.category", "pk": 2}, {"fields": {"name": "Pasta", "parent": 2}, "model": "core.category", "pk": 3}, {"fields": {"name": "Chicken", "parent": 2}, "model": "core.category", "pk": 4}, {"fields": {"name": "Desserts", "parent": null}, "model": "core.category", "pk": 5}, {"fields": {"name": "Drinks", "parent": null}, "model": "core.category", "pk": 6}, {"fields": {"in_stock": true, "name": "Tomato sauce"}, "model": "core.ingredient", "pk": 1}, {"fields": {"in_stock": true, "name": "Lasagna pasta"}, "model": "core.ingredient", "pk": 2}, {"fields": {"in_stock": true, "name": "Mozzarella cheese"}, "model": "core.ingredient", "pk": 3}, {"fields": {"in_stock": true, "name": "Ricotta cheese"}, "model": "core.ingredient", "pk": 4}, {"fields": {"in_stock": true, "name": "Beef"}, "model": "core.ingredient", "pk": 5}, {"fields": {"in_stock": true, "name": "Asparagus"}, "model": "core.ingredient", "pk": 6}, {"fields": {"in_stock": true, "name": "Clams"}, "model": "core.ingredient", "pk": 7}, {"fields": {"in_stock": true, "name": "Parmesan cheese"}, "model": "core.ingredient", "pk": 8}, {"fields": {"in_stock": true, "name": "Romano cheese"}, "model": "core.ingredient", "pk": 9}, {"fields": {"in_stock": true, "name": "Mushrooms"}, "model": "core.ingredient", "pk": 10}, {"fields": {"in_stock": true, "name": "Rice"}, "model": "core.ingredient", "pk": 11}, {"fields": {"in_stock": true, "name": "Spaghetti"}, "model": "core.ingredient", "pk": 12}, {"fields": {"in_stock": true, "name": "Italian sausage"}, "model": "core.ingredient", "pk": 13}, {"fields": {"in_stock": true, "name": "Spinach"}, "model": "core.ingredient", "pk": 14}, {"fields": {"in_stock": true, "name": "Tomatoes"}, "model": "core.ingredient", "pk": 15}, {"fields": {"in_stock": true, "name": "Red wine"}, "model": "core.ingredient", "pk": 16}, {"fields": {"in_stock": true, "name": "Chicken breast"}, "model": "core.ingredient", "pk": 17}, {"fields": {"in_stock": true, "name": "Provolone cheese"}, "model": "core.ingredient", "pk": 18}, {"fields": {"category": 3, "allergens": "NONE", "name": "Lasagna with meat sauce", "sodium_mg": 2360, "times_ordered": 0, "price": "12.99", "ingredients": [1, 2, 3, 5, 8, 9], "calories": 960, "fat_grams": 58, "in_stock": true, "nutritional_info": "http://broken.link/", "image": "http://i.imgur.com/2w2C6uX.jpg", "is_vegetarian": false, "description": "Prepared fresh daily with layers of pasta, parmesan, mozzarella, pecorino romano and our homemade meat sauce."}, "model": "core.menuitem", "pk": 1}, {"fields": {"category": 1, "allergens": "NONE", "name": "Stuffed mushrooms", "sodium_mg": 860, "times_ordered": 0, "price": "7.29", "ingredients": [7, 8, 9, 10], "calories": 380, "fat_grams": 30, "in_stock": true, "nutritional_info": "", "image": "http://i.imgur.com/h3ltrLP.jpg", "is_vegetarian": true, "description": "Baked with clams, parmesan, romano, mozzarella and herb breadcrumbs."}, "model": "core.menuitem", "pk": 2}, {"fields": {"category": 1, "allergens": "NONE", "name": "Crispy risotto bites", "sodium_mg": 1110, "times_ordered": 0, "price": "5.99", "ingredients": [1, 3, 4, 11], "calories": 490, "fat_grams": 22, "in_stock": true, "nutritional_info": "", "image": "http://i.imgur.com/likWamZ.jpg", "is_vegetarian": true, "description": "A bite-sized blend of Italian cheeses and rice, lightly fried and served with marinara sauce."}, "model": "core.menuitem", "pk": 3}, {"fields": {"category": 3, "allergens": "NONE", "name": "Spaghetti with meat sauce", "sodium_mg": 1080, "times_ordered": 0, "price": "10.99", "ingredients": [1, 5, 12, 13], "calories": 700, "fat_grams": 22, "in_stock": true, "nutritional_info": "", "image": "", "is_vegetarian": false, "description": "Our traditional meat sauce is made fresh every morning with pan-seared beef and Italian sausage."}, "model": "core.menuitem", "pk": 4}, {"fields": {"category": 4, "allergens": "NONE", "name": "Grilled chicken toscano", "sodium_mg": 1620, "times_ordered": 0, "price": "13.99", "ingredients": [11, 14, 15, 16, 17], "calories": 760, "fat_grams": 28, "in_stock": true, "nutritional_info": "", "image": "http://i.imgur.com/6IGC2tQ.jpg", "is_vegetarian": false, "description": "Brushed with sweet red wine sauce. Served with fresh spinach and creamy parmesan risotto with tomatoes."}, "model": "core.menuitem", "pk": 5}, {"fields": {"category": 1, "allergens": "NONE", "name": "Smoked mozzarella fonduta", "sodium_mg": 1940, "times_ordered": 0, "price": "8.49", "ingredients": [3, 8, 9, 18], "calories": 910, "fat_grams": 51, "in_stock": true, "nutritional_info": "", "image": "http://i.imgur.com/8YiTp1C.jpg", "is_vegetarian": true, "description": "Oven-baked smoked mozzarella, provolone, parmesan and romano cheese."}, "model": "core.menuitem", "pk": 6}, {"fields": {"status": "OP", "prev_status": "OP"}, "model": "core.table", "pk": 1}, {"fields": {"status": "OP", "prev_status": "OP"}, "model": "core.table", "pk": 2}, {"fields": {"status": "OP", "prev_status": "OP"}, "model": "core.table", "pk": 3}, {"fields": {"status": "OP", "prev_status": "OP"}, "model": "core.table", "pk": 4}, {"fields": {"name": "Matt", "is_manager": true, "passkey": 1234}, "model": "core.employee", "pk": 1}, {"fields": {"name": "Jack", "is_manager": false, "passkey": 0}, "model": "core.employee", "pk": 2}, {"fields": {"name": "Jill", "is_manager": false, "passkey": 101}, "model": "core.employee", "pk": 3}, {"fields": {"employee": 3, "tables": [1, 2]}, "model": "core.waiter", "pk": 1}, {"fields": {"employee": 2}, "model": "core.cook", "pk": 1}, {"fields": {"codename": "add_logentry", "name": "Can add log entry", "content_type": 1}, "model": "auth.permission", "pk": 1}, {"fields": {"codename": "change_logentry", "name": "Can change log entry", "content_type": 1}, "model": "auth.permission", "pk": 2}, {"fields": {"codename": "delete_logentry", "name": "Can delete log entry", "content_type": 1}, "model": "auth.permission", "pk": 3}, {"fields": {"codename": "add_permission", "name": "Can add permission", "content_type": 2}, "model": "auth.permission", "pk": 4}, {"fields": {"codename": "change_permission", "name": "Can change permission", "content_type": 2}, "model": "auth.permission", "pk": 5}, {"fields": {"codename": "delete_permission", "name": "Can delete permission", "content_type": 2}, "model": "auth.permission", "pk": 6}, {"fields": {"codename": "add_group", "name": "Can add group", "content_type": 3}, "model": "auth.permission", "pk": 7}, {"fields": {"codename": "change_group", "name": "Can change group", "content_type": 3}, "model": "auth.permission", "pk": 8}, {"fields": {"codename": "delete_group", "name": "Can delete group", "content_type": 3}, "model": "auth.permission", "pk": 9}, {"fields": {"codename": "add_user", "name": "Can add user", "content_type": 4}, "model": "auth.permission", "pk": 10}, {"fields": {"codename": "change_user", "name": "Can change user", "content_type": 4}, "model": "auth.permission", "pk": 11}, {"fields": {"codename": "delete_user", "name": "Can delete user", "content_type": 4}, "model": "auth.permission", "pk": 12}, {"fields": {"codename": "add_contenttype", "name": "Can add content type", "content_type": 5}, "model": "auth.permission", "pk": 13}, {"fields": {"codename": "change_contenttype", "name": "Can change content type", "content_type": 5}, "model": "auth.permission", "pk": 14}, {"fields": {"codename": "delete_contenttype", "name": "Can delete content type", "content_type": 5}, "model": "auth.permission", "pk": 15}, {"fields": {"codename": "add_session", "name": "Can add session", "content_type": 6}, "model": "auth.permission", "pk": 16}, {"fields": {"codename": "change_session", "name": "Can change session", "content_type": 6}, "model": "auth.permission", "pk": 17}, {"fields": {"codename": "delete_session", "name": "Can delete session", "content_type": 6}, "model": "auth.permission", "pk": 18}, {"fields": {"codename": "add_category", "name": "Can add category", "content_type": 7}, "model": "auth.permission", "pk": 19}, {"fields": {"codename": "change_category", "name": "Can change category", "content_type": 7}, "model": "auth.permission", "pk": 20}, {"fields": {"codename": "delete_category", "name": "Can delete category", "content_type": 7}, "model": "auth.permission", "pk": 21}, {"fields": {"codename": "add_ingredient", "name": "Can add ingredient", "content_type": 8}, "model": "auth.permission", "pk": 22}, {"fields": {"codename": "change_ingredient", "name": "Can change ingredient", "content_type": 8}, "model": "auth.permission", "pk": 23}, {"fields": {"codename": "delete_ingredient", "name": "Can delete ingredient", "content_type": 8}, "model": "auth.permission", "pk": 24}, {"fields": {"codename": "add_menuitem", "name": "Can add menu item", "content_type": 9}, "model": "auth.permission", "pk": 25}, {"fields": {"codename": "change_menuitem", "name": "Can change menu item", "content_type": 9}, "model": "auth.permission", "pk": 26}, {"fields": {"codename": "delete_menuitem", "name": "Can delete menu item", "content_type": 9}, "model": "auth.permission", "pk": 27}, {"fields": {"codename": "add_table", "name": "Can add table", "content_type": 10}, "model": "auth.permission", "pk": 28}, {"fields": {"codename": "change_table", "name": "Can change table", "content_type": 10}, "model": "auth.permission", "pk": 29}, {"fields": {"codename": "delete_table", "name": "Can delete table", "content_type": 10}, "model": "auth.permission", "pk": 30}, {"fields": {"codename": "add_order", "name": "Can add order", "content_type": 11}, "model": "auth.permission", "pk": 31}, {"fields": {"codename": "change_order", "name": "Can change order", "content_type": 11}, "model": "auth.permission", "pk": 32}, {"fields": {"codename": "delete_order", "name": "Can delete order", "content_type": 11}, "model": "auth.permission", "pk": 33}, {"fields": {"codename": "add_feedback", "name": "Can add feedback", "content_type": 12}, "model": "auth.permission", "pk": 34}, {"fields": {"codename": "change_feedback", "name": "Can change feedback", "content_type": 12}, "model": "auth.permission", "pk": 35}, {"fields": {"codename": "delete_feedback", "name": "Can delete feedback", "content_type": 12}, "model": "auth.permission", "pk": 36}, {"fields": {"codename": "add_invoice", "name": "Can add invoice", "content_type": 13}, "model": "auth.permission", "pk": 37}, {"fields": {"codename": "change_invoice", "name": "Can change invoice", "content_type": 13}, "model": "auth.permission", "pk": 38}, {"fields": {"codename": "delete_invoice", "name": "Can delete invoice", "content_type": 13}, "model": "auth.permission", "pk": 39}, {"fields": {"codename": "add_split", "name": "Can add split", "content_type": 14}, "model": "auth.permission", "pk": 40}, {"fields": {"codename": "change_split", "name": "Can change split", "content_type": 14}, "model": "auth.permission", "pk": 41}, {"fields": {"codename": "delete_split", "name": "Can delete split", "content_type": 14}, "model": "auth.permission", "pk": 42}, {"fields": {"codename": "add_employee", "name": "Can add employee", "content_type": 15}, "model": "auth.permission", "pk": 43}, {"fields": {"codename": "change_employee", "name": "Can change employee", "content_type": 15}, "model": "auth.permission", "pk": 44}, {"fields": {"codename": "delete_employee", "name": "Can delete employee", "content_type": 15}, "model": "auth.permission", "pk": 45}, {"fields": {"codename": "add_waiter", "name": "Can add waiter", "content_type": 16}, "model": "auth.permission", "pk": 46}, {"fields": {"codename": "change_waiter", "name": "Can change waiter", "content_type": 16}, "model": "auth.permission", "pk": 47}, {"fields": {"codename": "delete_waiter", "name": "Can delete waiter", "content_type": 16}, "model": "auth.permission", "pk": 48}, {"fields": {"codename": "add_cook", "name": "Can add cook", "content_type": 17}, "model": "auth.permission", "pk": 49}, {"fields": {"codename": "change_cook", "name": "Can change cook", "content_type": 17}, "model": "auth.permission", "pk": 50}, {"fields": {"codename": "delete_cook", "name": "Can delete cook", "content_type": 17}, "model": "auth.permission", "pk": 51}, {"fields": {"username": "admin", "first_name": "", "last_name": "", "is_active": true, "is_superuser": true, "is_staff": true, "last_login": "2015-04-07T19:04:42.426Z", "groups": [], "user_permissions": [], "password": "pbkdf2_sha256$15000$ha4YbUMGzQT2$6XRz+Tdh9OiwFJHhM/intf1A7pKPIUUsTTxzp0ETBrE=", "email": "admin@admin.com", "date_joined": "2015-04-05T01:08:53.228Z"}, "model": "auth.user", "pk": 1}, {"fields": {"action_flag": 1, "action_time": "2015-04-05T01:58:27.154Z", "object_repr": "Employee object", "object_id": "1", "change_message": "", "user": 1, "content_type": 15}, "model": "admin.logentry", "pk": 1}, {"fields": {"action_flag": 1, "action_time": "2015-04-05T02:00:26.617Z", "object_repr": "Appetizers", "object_id": "1", "change_message": "", "user": 1, "content_type": 7}, "model": "admin.logentry", "pk": 2}, {"fields": {"action_flag": 1, "action_time": "2015-04-05T02:00:33.775Z", "object_repr": "Entrees", "object_id": "2", "change_message": "", "user": 1, "content_type": 7}, "model": "admin.logentry", "pk": 3}, {"fields": {"action_flag": 1, "action_time": "2015-04-05T02:00:43.249Z", "object_repr": "Pasta", "object_id": "3", "change_message": "", "user": 1, "content_type": 7}, "model": "admin.logentry", "pk": 4}, {"fields": {"action_flag": 1, "action_time": "2015-04-05T02:13:39.497Z", "object_repr": "Tomato sauce", "object_id": "1", "change_message": "", "user": 1, "content_type": 8}, "model": "admin.logentry", "pk": 5}, {"fields": {"action_flag": 1, "action_time": "2015-04-05T02:13:59.260Z", "object_repr": "Lasagna pasta", "object_id": "2", "change_message": "", "user": 1, "content_type": 8}, "model": "admin.logentry", "pk": 6}, {"fields": {"action_flag": 1, "action_time": "2015-04-05T02:14:08.236Z", "object_repr": "Mozzarella cheese", "object_id": "3", "change_message": "", "user": 1, "content_type": 8}, "model": "admin.logentry", "pk": 7}, {"fields": {"action_flag": 1, "action_time": "2015-04-05T02:14:15.729Z", "object_repr": "Ricotta cheese", "object_id": "4", "change_message": "", "user": 1, "content_type": 8}, "model": "admin.logentry", "pk": 8}, {"fields": {"action_flag": 1, "action_time": "2015-04-05T02:14:23.102Z", "object_repr": "Beef", "object_id": "5", "change_message": "", "user": 1, "content_type": 8}, "model": "admin.logentry", "pk": 9}, {"fields": {"action_flag": 1, "action_time": "2015-04-05T02:17:05.867Z", "object_repr": "MenuItem object", "object_id": "1", "change_message": "", "user": 1, "content_type": 9}, "model": "admin.logentry", "pk": 10}, {"fields": {"action_flag": 2, "action_time": "2015-04-05T02:18:08.021Z", "object_repr": "Lasagna with meat sauce (Pasta)", "object_id": "1", "change_message": "Changed name.", "user": 1, "content_type": 9}, "model": "admin.logentry", "pk": 11}, {"fields": {"action_flag": 1, "action_time": "2015-04-05T02:19:51.328Z", "object_repr": "Jack", "object_id": "2", "change_message": "", "user": 1, "content_type": 15}, "model": "admin.logentry", "pk": 12}, {"fields": {"action_flag": 1, "action_time": "2015-04-05T02:19:58.938Z", "object_repr": "Cook object", "object_id": "1", "change_message": "", "user": 1, "content_type": 17}, "model": "admin.logentry", "pk": 13}, {"fields": {"action_flag": 1, "action_time": "2015-04-05T02:20:35.359Z", "object_repr": "Jill", "object_id": "3", "change_message": "", "user": 1, "content_type": 15}, "model": "admin.logentry", "pk": 14}, {"fields": {"action_flag": 1, "action_time": "2015-04-05T02:20:53.323Z", "object_repr": "Table 1", "object_id": "1", "change_message": "", "user": 1, "content_type": 10}, "model": "admin.logentry", "pk": 15}, {"fields": {"action_flag": 1, "action_time": "2015-04-05T02:20:58.580Z", "object_repr": "Table 2", "object_id": "2", "change_message": "", "user": 1, "content_type": 10}, "model": "admin.logentry", "pk": 16}, {"fields": {"action_flag": 1, "action_time": "2015-04-05T02:21:03.512Z", "object_repr": "Table 3", "object_id": "3", "change_message": "", "user": 1, "content_type": 10}, "model": "admin.logentry", "pk": 17}, {"fields": {"action_flag": 1, "action_time": "2015-04-05T02:21:08.181Z", "object_repr": "Table 4", "object_id": "4", "change_message": "", "user": 1, "content_type": 10}, "model": "admin.logentry", "pk": 18}, {"fields": {"action_flag": 1, "action_time": "2015-04-05T02:21:23.606Z", "object_repr": "Waiter object", "object_id": "1", "change_message": "", "user": 1, "content_type": 16}, "model": "admin.logentry", "pk": 19}, {"fields": {"action_flag": 1, "action_time": "2015-04-05T02:32:25.075Z", "object_repr": "Asparagus", "object_id": "6", "change_message": "", "user": 1, "content_type": 8}, "model": "admin.logentry", "pk": 20}, {"fields": {"action_flag": 1, "action_time": "2015-04-05T02:32:50.610Z", "object_repr": "Roasted asparagus (Appetizers)", "object_id": "2", "change_message": "", "user": 1, "content_type": 9}, "model": "admin.logentry", "pk": 21}, {"fields": {"action_flag": 3, "action_time": "2015-04-06T21:13:47.122Z", "object_repr": "Roasted asparagus (Appetizers)", "object_id": "2", "change_message": "", "user": 1, "content_type": 9}, "model": "admin.logentry", "pk": 22}, {"fields": {"action_flag": 1, "action_time": "2015-04-06T21:17:06.636Z", "object_repr": "Clams", "object_id": "7", "change_message": "", "user": 1, "content_type": 8}, "model": "admin.logentry", "pk": 23}, {"fields": {"action_flag": 1, "action_time": "2015-04-06T21:17:18.785Z", "object_repr": "Parmesan cheese", "object_id": "8", "change_message": "", "user": 1, "content_type": 8}, "model": "admin.logentry", "pk": 24}, {"fields": {"action_flag": 1, "action_time": "2015-04-06T21:17:26.164Z", "object_repr": "Romano cheese", "object_id": "9", "change_message": "", "user": 1, "content_type": 8}, "model": "admin.logentry", "pk": 25}, {"fields": {"action_flag": 2, "action_time": "2015-04-06T21:41:46.557Z", "object_repr": "Lasagna with meat sauce (Pasta)", "object_id": "1", "change_message": "Changed description, image, ingredients, calories, fat_grams and sodium_mg.", "user": 1, "content_type": 9}, "model": "admin.logentry", "pk": 26}, {"fields": {"action_flag": 1, "action_time": "2015-04-06T21:42:53.965Z", "object_repr": "Mushrooms", "object_id": "10", "change_message": "", "user": 1, "content_type": 8}, "model": "admin.logentry", "pk": 27}, {"fields": {"action_flag": 1, "action_time": "2015-04-06T21:43:07.809Z", "object_repr": "Stuffed mushrooms (Appetizers)", "object_id": "2", "change_message": "", "user": 1, "content_type": 9}, "model": "admin.logentry", "pk": 28}, {"fields": {"action_flag": 1, "action_time": "2015-04-06T21:50:21.515Z", "object_repr": "Rice", "object_id": "11", "change_message": "", "user": 1, "content_type": 8}, "model": "admin.logentry", "pk": 29}, {"fields": {"action_flag": 1, "action_time": "2015-04-06T21:51:15.227Z", "object_repr": "Crispy risotto bites (Appetizers)", "object_id": "3", "change_message": "", "user": 1, "content_type": 9}, "model": "admin.logentry", "pk": 30}, {"fields": {"action_flag": 1, "action_time": "2015-04-06T21:52:05.729Z", "object_repr": "Spaghetti", "object_id": "12", "change_message": "", "user": 1, "content_type": 8}, "model": "admin.logentry", "pk": 31}, {"fields": {"action_flag": 1, "action_time": "2015-04-06T21:52:22.609Z", "object_repr": "Italian sausage", "object_id": "13", "change_message": "", "user": 1, "content_type": 8}, "model": "admin.logentry", "pk": 32}, {"fields": {"action_flag": 1, "action_time": "2015-04-06T21:52:43.409Z", "object_repr": "Spaghetti with meat sauce (Pasta)", "object_id": "4", "change_message": "", "user": 1, "content_type": 9}, "model": "admin.logentry", "pk": 33}, {"fields": {"action_flag": 1, "action_time": "2015-04-06T22:44:22.562Z", "object_repr": "Chicken (parent: Entrees)", "object_id": "4", "change_message": "", "user": 1, "content_type": 7}, "model": "admin.logentry", "pk": 34}, {"fields": {"action_flag": 1, "action_time": "2015-04-06T22:45:33.481Z", "object_repr": "Spinach", "object_id": "14", "change_message": "", "user": 1, "content_type": 8}, "model": "admin.logentry", "pk": 35}, {"fields": {"action_flag": 1, "action_time": "2015-04-06T22:45:40.649Z", "object_repr": "Tomatoes", "object_id": "15", "change_message": "", "user": 1, "content_type": 8}, "model": "admin.logentry", "pk": 36}, {"fields": {"action_flag": 1, "action_time": "2015-04-06T22:45:56.747Z", "object_repr": "Red wine", "object_id": "16", "change_message": "", "user": 1, "content_type": 8}, "model": "admin.logentry", "pk": 37}, {"fields": {"action_flag": 1, "action_time": "2015-04-06T22:46:15.755Z", "object_repr": "Chicken breast", "object_id": "17", "change_message": "", "user": 1, "content_type": 8}, "model": "admin.logentry", "pk": 38}, {"fields": {"action_flag": 1, "action_time": "2015-04-06T22:46:45.308Z", "object_repr": "Grilled chicken toscano (Chicken)", "object_id": "5", "change_message": "", "user": 1, "content_type": 9}, "model": "admin.logentry", "pk": 39}, {"fields": {"action_flag": 1, "action_time": "2015-04-07T19:06:36.815Z", "object_repr": "Provolone cheese", "object_id": "18", "change_message": "", "user": 1, "content_type": 8}, "model": "admin.logentry", "pk": 40}, {"fields": {"action_flag": 1, "action_time": "2015-04-07T19:07:06.991Z", "object_repr": "Smoked mozzarella fonduta (Appetizers)", "object_id": "6", "change_message": "", "user": 1, "content_type": 9}, "model": "admin.logentry", "pk": 41}, {"fields": {"action_flag": 1, "action_time": "2015-04-07T19:10:44.474Z", "object_repr": "Desserts", "object_id": "5", "change_message": "", "user": 1, "content_type": 7}, "model": "admin.logentry", "pk": 42}, {"fields": {"action_flag": 1, "action_time": "2015-04-07T19:10:50.711Z", "object_repr": "Drinks", "object_id": "6", "change_message": "", "user": 1, "content_type": 7}, "model": "admin.logentry", "pk": 43}]